Model,MAE,MSE,RMSE,R² Score
Linear Regression,0.5999649812859502,0.5574826872947443,0.7466476326184556,0.44251731270525574
Random Forest,1.592499999999994,4.489062499999983,2.118740781690857,-3.4890624999999833
